papel;cotacao;pl;pvp;psr;div_yield;p_ativo;p_cap_giro;p_ebit;p_ativ_circ_liq;ev_ebit;ev_ebitda;mrg_bruta;mrg_ebit;mrg_liq;liq_corr;roic;roe;liq_2meses;patrim_liq;div_liq_patrim;cresc_rec_5a;ticker
PETR4;49,12;4,75;1,32;1,154;7,42;0,495;-23,98;2,7;-0,99;4,03;2,94;50,6;42,76;24,39;0,85;19,69;27,73;1855870000,0;480950000000,0;0,65;-2,33;PETR4.SA
VALE3;78,23;33,49;1,77;1,593;7,17;0,751;23,61;4,79;-2,05;5,73;4,6;34,92;33,24;3,99;1,19;18,11;5,27;1379560000,0;196635000000,0;0,35;-2,4;VALE3.SA
ITUB4;42,35;10,02;2,25;0,0;7,35;0,0;0,0;0,0;0,0;0,0;0,0;0,0;0,0;0,0;0,0;0,0;22,45;974139000,0;207648000000,0;0,0;30,28;ITUB4.SA
BBDC4;18,48;7,91;1,12;0,0;8,42;0,0;0,0;0,0;0,0;0,0;0,0;0,0;0,0;0,0;0,0;0,0;14,13;636665000,0;175230000000,0;0,0;9,19;BBDC4.SA
AXIA3;55,7;13,6;1,34;3,678;2,66;0,591;6,18;20,29;-1,59;25,82;16,18;47,45;18,13;27,06;2,05;3,25;9,86;625985000,0;122244000000,0;0,37;4,9;AXIA3.SA
BPAC11;60,45;12,92;2,96;0,0;2,33;0,0;0,0;0,0;0,0;0,0;0,0;0,0;0,0;0,0;0,0;0,0;22,88;581421000,0;79553500000,0;0,0;11,85;BPAC11.SA
B3SA3;17,66;16,72;4,76;7,426;4,38;1,821;9,79;12,52;-7,98;12,3;11,67;89,8;59,32;44,43;1,92;22,2;28,49;567868000,0;18705000000,0;-0,08;3,97;B3SA3.SA
BBAS3;22,8;9,02;0,72;0,0;3,02;0,0;0,0;0,0;0,0;0,0;0,0;0,0;0,0;0,0;0,0;0,0;7,99;538065000,0;181333000000,0;0,0;-9,61;BBAS3.SA
SBSP3;27,29;11,96;2,13;2,353;2,48;0,804;12,57;7,6;-1,91;10,31;8,6;35,73;30,96;19,71;1,47;12,72;17,8;527691000,0;45173800000,0;0,76;21,17;SBSP3.SA
PETR3;54,64;5,28;1,46;1,284;6,67;0,551;-26,67;3,0;-1,1;4,34;3,16;50,6;42,76;24,39;0,85;19,69;27,73;505474000,0;480950000000,0;0,65;-2,33;PETR3.SA
EMBJ3;95,82;30,46;3,96;1,608;1,03;1,035;6,1;14,66;-6,73;14,98;11,59;17,85;10,97;5,46;1,44;9,61;13,01;454134000,0;17906200000,0;0,09;22,02;EMBJ3.SA
ABEV3;15,74;15,0;2,76;2,761;5,01;1,763;285,83;11,78;-27,57;11,04;8,5;51,9;23,44;18,98;1,02;20,62;18,4;448548000,0;88313200000,0;-0,17;3,86;ABEV3.SA
PRIO3;64,19;14,48;1,99;2,622;0,0;0,882;20,64;8,82;-2,29;12,25;6,02;33,37;29,73;18,11;1,34;10,92;13,71;428609000,0;28214100000,0;0,77;35,96;PRIO3.SA
WEGE3;52,17;35,01;11,61;5,457;3,85;4,692;19,68;26,07;61,16;25,62;22,79;33,14;20,93;16,63;1,59;24,33;33,16;390924000,0;18861400000,0;-0,2;11,24;WEGE3.SA
UGPA3;38,53;12,44;2,39;0,281;5,19;0,83;4,68;5,62;-5,2;6,97;5,67;8,39;4,99;2,36;1,64;21,5;19,25;366397000,0;17958400000,0;0,57;4,26;UGPA3.SA
EQTL3;40,1;52,69;1,93;0,934;3,94;0,425;5,28;5,23;-0,79;10,84;8,29;25,57;17,86;3,27;1,57;9,18;3,67;348523000,0;26126700000,0;2,07;18,46;EQTL3.SA
VBBR3;38,25;9,07;1,95;0,225;3,95;0,696;3,24;5,47;-3,27;7,4;6,47;6,45;4,11;2,48;2,01;16,06;21,49;330466000,0;23532000000,0;0,69;5,44;VBBR3.SA
RENT3;36,81;12,09;1,53;0,893;5,57;0,456;15,65;4,87;-0,98;8,92;5,15;26,1;18,35;7,38;1,14;12,27;12,63;318933000,0;27102500000,0;1,27;38,79;RENT3.SA
ITSA4;14,17;8,75;1,69;18,749;7,96;1,327;21,12;369,53;-25,9;379,03;93,83;25,72;5,07;215,08;2,0;0,38;19,36;287531000,0;93790000000,0;0,04;-0,05;ITSA4.SA
SUZB3;48,1;7,44;1,22;1,271;0,01;0,355;1,84;7,89;-0,82;16,5;6,49;28,65;16,12;17,14;3,38;5,54;16,44;274635000,0;49697900000,0;1,34;2,38;SUZB3.SA
CPLE3;16,14;15,36;2,0;1,72;6,58;0,781;18,97;8,87;-1,81;12,55;9,73;23,44;19,4;11,4;1,3;9,82;12,99;261082000,0;24128100000,0;0,83;3,62;CPLE3.SA
ENEV3;27,68;55,91;2,64;2,812;0,0;0,926;30,13;17,0;-1,93;23,26;12,71;25,73;16,54;8,02;1,28;5,85;4,73;254691000,0;20355600000,0;0,97;36,29;ENEV3.SA
RDOR3;38,06;17,68;4,11;1,475;11,41;0,753;2,27;8,01;-2,59;8,73;7,43;23,07;18,41;8,7;2,91;15,63;23,26;250279000,0;20733500000,0;0,37;26,98;RDOR3.SA
BBSE3;41,2;8,7;7,34;0,0;11,3;3,648;0,0;8,02;0,0;0,0;0,0;0,0;0,0;0,0;0,0;0,0;84,38;244104000,0;10890300000,0;0,0;0,0;BBSE3.SA
CSMG3;56,68;16,67;2,43;2,481;3,86;1,021;37,76;9,63;-2,39;13,14;9,05;41,57;25,76;14,88;1,21;11,59;14,6;237932000,0;8853420000,0;0,89;9,55;CSMG3.SA
GGBR4;26,01;23,0;0,96;0,74;3,07;0,628;2,68;7,29;42,85;8,45;5,54;13,1;10,14;3,27;2,87;10,03;4,18;233794000,0;53544600000,0;0,15;-5,14;GGBR4.SA
LREN3;11,45;7,72;1,11;0,722;7,96;0,603;2,5;3,13;4,54;2,82;2,08;61,99;23,02;9,35;1,69;23,53;14,41;204669000,0;10367800000,0;-0,11;6,18;LREN3.SA
RADL3;19,76;25,79;4,75;0,769;2,23;1,395;8,41;11,64;-10,56;12,58;7,38;31,05;6,61;2,97;1,41;16,71;18,41;178454000,0;7290780000,0;0,38;14,16;RADL3.SA
VIVT3;30,46;14,89;1,5;1,591;8,26;0,762;-67,98;9,79;-2,79;10,9;4,3;45,03;16,25;10,69;0,95;9,1;10,05;173122000,0;65629300000,0;0,17;7,66;VIVT3.SA
CYRE3;26,17;5,82;1,06;1,202;8,83;0,428;1,06;7,22;18,6;10,14;9,13;33,08;16,65;17,02;3,37;7,03;18,26;172785000,0;11168000000,0;0,43;18,66;CYRE3.SA
MOTV3;16,67;8,68;1,9;1,792;5,59;0,426;2,84;4,26;-1,0;8,41;6,99;47,88;42,1;21,89;1,77;11,72;21,85;171056000,0;17744000000,0;1,85;4,24;MOTV3.SA
TIMS3;19,54;3422,83;1,87;60,077;7,51;0,817;-21,18;129,15;-2,36;123,95;119,62;76,71;46,52;1,76;0,85;0,76;0,05;165924000,0;25015400000,0;-0,08;-53,4;TIMS3.SA
RAIL3;14,95;22,65;1,92;1,931;0,73;0,504;14,71;4,73;-0,86;7,7;6,17;45,82;40,82;8,66;1,31;12,06;8,48;165518000,0;14469200000,0;1,21;15,43;RAIL3.SA
ENGI11;51,81;17,2;1,34;0,711;2,2;0,303;3,05;3,44;-0,66;7,83;6,05;24,66;20,65;5,88;1,56;10,25;7,78;165396000,0;19498600000,0;1,7;8,42;ENGI11.SA
SANB11;29,92;7,24;1,14;0,0;7,71;0,0;0,0;0,0;0,0;0,0;0,0;0,0;0,0;0,0;0,0;0,0;15,69;161539000,0;98731800000,0;0,0;9,09;SANB11.SA
CMIG4;11,46;7,14;1,12;0,75;9,22;0,463;14,53;5,46;-1,26;8,66;6,83;15,8;13,74;10,51;1,17;9,3;15,75;152717000,0;29181600000,0;0,66;6,06;CMIG4.SA
SMFT3;17,79;15,97;1,8;1,361;6,04;0,51;15,63;5,68;-0,98;8,02;3,99;43,2;23,95;8,53;1,2;10,6;11,3;150444000,0;6076860000,0;0,74;45,94;SMFT3.SA
TOTS3;33,0;13,41;3,5;2,97;2,13;1,471;12,06;7,72;-4,71;8,93;7,7;71,07;38,49;22,45;1,84;23,37;26,12;135679000,0;5457910000,0;0,55;15,64;TOTS3.SA
EGIE3;31,0;11,09;2,92;3,209;2,91;0,744;53,66;7,36;-1,33;11,52;9,16;47,45;43,62;30,83;1,09;11,59;26,37;133241000,0;15012800000,0;1,65;2,76;EGIE3.SA
BRAV3;18,81;160,46;0,71;0,708;0,66;0,21;5,99;2,96;-0,39;6,5;3,24;27,86;23,94;0,44;1,26;8,3;0,44;128797000,0;12282500000,0;0,85;83,92;BRAV3.SA
CXSE3;20,31;13,47;4,42;0,0;6,66;4,061;76,42;-368,31;77,56;-360,51;-365,3;0,0;0,0;0,0;1,67;-1,21;32,79;120796000,0;13794600000,0;-0,09;0,0;CXSE3.SA
AURA33;145,49;20,75;13,37;4,651;1,19;3,581;203,67;8,48;-8,1;8,75;8,75;60,05;54,84;22,42;1,06;56,55;64,46;117627000,0;2362970000,0;0,42;28,11;AURA33.SA
MGLU3;5,94;52,08;0,41;0,12;1,37;0,128;2,94;3,11;-0,63;5,26;2,79;29,88;3,87;0,23;1,1;6,07;0,79;114568000,0;11166700000,0;0,29;1,8;MGLU3.SA
MULT3;30,39;11,25;2,31;4,884;3,69;1,18;20,72;6,69;-3,45;8,64;8,17;82,72;73,01;43,42;1,64;18,7;20,52;112423000,0;6755750000,0;0,67;18,89;MULT3.SA
ALOS3;29,07;15,68;1,14;5,06;10,76;0,57;5,14;10,22;-1,67;7,99;5,55;72,95;49,51;35,56;3,56;6,39;7,27;111298000,0;12852700000,0;-0,25;27,64;ALOS3.SA
CURY3;32,38;9,08;6,03;1,625;14,87;1,589;5,73;6,16;-16,89;5,98;5,86;39,69;26,37;20,24;1,92;37,72;66,38;108041000,0;1655020000,0;-0,18;33,04;CURY3.SA
CSAN3;3,85;-1,72;3,07;0,381;0,0;0,121;1,21;1,63;-0,24;6,69;4,73;34,46;23,41;-22,08;1,67;8,59;-178,97;107365000,0;4968460000,0;9,57;5,61;CSAN3.SA
MBRF3;16,94;64,1;2,05;0,141;10,31;0,168;8,68;3,97;-0,32;12,58;5,82;12,31;3,54;0,09;1,05;6,29;3,2;107105000,0;11383700000,0;4,45;11,3;MBRF3.SA
BBDC3;16,24;6,95;0,98;0,0;8,71;0,0;0,0;0,0;0,0;0,0;0,0;0,0;0,0;0,0;0,0;0,0;14,13;106216000,0;175230000000,0;0,0;9,19;BBDC3.SA
ISAE4;28,08;7,01;0,89;1,85;6,17;0,395;3,4;4,27;-0,97;7,73;7,67;45,82;43,28;26,95;5,28;9,63;12,71;99893700,0;22159400000,0;0,72;16,96;ISAE4.SA
DIRR3;10,94;6,65;2,45;1,18;14,17;0,389;1,06;4,76;-1,17;5,25;4,88;40,35;24,8;22,59;4,17;9,99;36,78;96002700,0;2326860000,0;0,25;25,62;DIRR3.SA
GOAU4;11,51;19,16;0,79;0,219;3,33;0,186;0,79;2,16;12,06;3,31;2,17;13,1;10,12;3,27;2,88;10,0;4,13;91537200,0;19234800000,0;0,42;-5,14;GOAU4.SA
CSNA3;7,19;-3,63;0,78;0,211;0,0;0,095;2,51;1,5;-0,17;7,63;4,52;27,91;14,12;-4,37;1,15;8,07;-21,59;90356400,0;12166300000,0;3,21;1,07;CSNA3.SA
ASAI3;9,86;13,84;2,1;0,172;1,06;0,286;7,08;2,01;-0,58;3,78;2,97;18,05;8,58;1,24;1,12;21,18;15,21;89345700,0;6346000000,0;1,86;13,0;ASAI3.SA
KLBN11;19,57;43,51;2,58;1,181;5,93;0,384;2,75;9,08;-0,81;18,28;6,49;28,0;13,01;2,59;2,0;5,45;5,92;88529800,0;9486820000,0;2,61;2,72;KLBN11.SA
TEND3;33,1;7,01;2,64;0,847;4,42;0,572;2,08;4,87;-2,57;5,23;4,8;32,34;17,4;11,58;1,96;14,39;37,61;86896400,0;1539020000,0;0,2;18,39;TEND3.SA
ITUB3;46,38;10,97;2,46;0,0;6,71;0,0;0,0;0,0;0,0;0,0;0,0;0,0;0,0;0,0;0,0;0,0;22,45;85578000,0;207648000000,0;0,0;30,28;ITUB3.SA
TAEE11;41,29;8,75;1,76;3,172;7,28;0,627;6,68;5,83;-1,22;10,1;9,77;60,76;54,38;36,25;3,48;11,11;20,14;83028200,0;8070920000,0;1,29;13,01;TAEE11.SA
PSSA3;51,3;9,0;2,06;0,778;5,87;0,563;4,13;0,94;-5,07;0,53;0,52;100,0;82,63;8,72;1,29;79,28;22,84;81433800,0;16126400000,0;-0,9;14,34;PSSA3.SA
USIM5;7,65;-4,13;0,46;0,387;0,0;0,273;0,74;8,06;1,8;7,55;3,85;9,82;4,8;-8,27;4,44;4,67;-11,18;78788400,0;20751200000,0;-0,03;-6,96;USIM5.SA
CEAB3;9,36;5,13;0,76;0,36;5,57;0,331;1,71;2,97;-4,0;3,14;2,28;56,22;12,12;7,02;1,67;14,93;14,79;78228200,0;3803110000,0;0,04;8,55;CEAB3.SA
SAUD3;15,5;43,0;2,42;4,56;0,86;1,087;47,01;37,53;-6,24;26,6;24,5;15,83;12,15;10,6;1,07;4,59;5,63;70846700,0;18706500000,0;-0,71;41,92;SAUD3.SA
FLRY3;20,96;16,28;2,12;1,305;5,58;0,846;5,46;8,35;-3,28;10,9;6,54;27,05;15,63;7,89;1,86;12,7;13,0;68773200,0;5417580000,0;0,65;20,6;FLRY3.SA
HAPV3;7,32;-21,19;0,08;0,115;0,0;0,051;0,74;2,69;-0,27;6,37;4,37;12,85;4,29;-0,54;1,83;2,12;-0,36;68278100,0;48062300000,0;0,1;18,75;HAPV3.SA
CPFE3;46,44;8,91;2,36;1,173;8,04;0,641;-38,11;4,53;-1,26;6,87;5,82;32,06;25,89;13,79;0,92;15,57;26,43;67910800,0;22717200000,0;1,21;3,28;CPFE3.SA
HYPE3;22,84;9,21;1,11;1,823;4,61;0,634;5,86;6,45;-3,23;8,8;7,77;61,17;28,29;19,76;1,86;10,74;12,1;63987900,0;14431100000,0;0,41;3,78;HYPE3.SA
POMO4;4,58;4,77;1,35;0,629;20,18;0,583;2,0;4,2;15,27;5,53;4,93;24,5;14,97;13,26;1,94;18,39;28,32;63970100,0;4240170000,0;0,43;22,36;POMO4.SA
VIVA3;22,75;9,17;1,69;1,702;3,07;1,101;2,24;7,16;3,69;7,3;6,05;70,6;23,76;18,56;4,19;17,32;18,4;62076100,0;3184290000,0;0,03;15,56;VIVA3.SA
MRVE3;5,72;-5,59;0,7;0,275;0,0;0,114;0,42;1,74;-0,46;6,19;5,49;29,69;15,79;-4,82;1,89;6,84;-12,58;59750400,0;4578040000,0;1,79;14,9;MRVE3.SA
COGN3;2,38;7,0;0,36;0,627;4,98;0,2;2,05;2,21;-0,86;4,57;3,45;65,2;28,38;8,63;1,88;10,24;5,11;58647800,0;13733200000,0;0,38;12,35;COGN3.SA
BEEF3;3,98;8,68;2,52;0,07;4,91;0,085;0,45;1,05;-0,26;4,84;3,81;16,83;6,63;0,85;1,43;16,55;29,04;55038100,0;1579090000,0;9,1;18,3;BEEF3.SA
IGTI11;26,53;12,33;1,59;5,154;1,11;0,782;4,33;8,38;-3,48;10,66;9,25;73,82;61,49;41,81;2,73;12,16;12,93;53734400,0;4937140000,0;0,43;11,17;IGTI11.SA
NATU3;8,51;-4,4;0,93;0,549;0,0;0,42;2,54;5,42;-3,03;7,23;5,06;65,75;10,13;-12,47;1,68;10,18;-21,11;52184300,0;12585500000,0;0,31;2,24;NATU3.SA
CMIN3;6,99;16,27;5,17;2,183;15,59;1,122;22,51;7,86;-2,52;8,07;6,3;46,09;27,78;13,41;1,17;20,33;31,79;49018900,0;7339410000,0;0,14;8,23;CMIN3.SA
SLCE3;18,43;23,67;1,69;0,91;4,37;0,46;1,95;4,67;-1,76;8,37;7,04;30,51;19,51;3,92;2,2;10,84;7,16;46712800,0;5424480000,0;1,34;2,29;SLCE3.SA
VAMO3;3,44;13,31;1,27;0,678;3,62;0,185;1,64;1,55;-0,32;5,7;4,03;49,79;43,78;5,1;1,67;15,52;9,57;44363800,0;3298470000,0;3,42;5,69;VAMO3.SA
AZZA3;17,0;10,83;0,44;0,309;14,56;0,233;0,97;4,78;-6,86;7,68;3,93;54,6;6,46;2,85;2,26;5,88;4,03;43253200,0;8040340000,0;0,27;37,55;AZZA3.SA
ORVR3;17,63;192,7;2,0;6,459;0,0;0,855;5,96;27,71;-2,96;34,08;21,72;39,07;23,31;5,32;2,38;3,71;1,04;42597200,0;4851720000,0;0,46;27,54;ORVR3.SA
SAPR11;35,81;23,77;0,89;1,435;1,54;0,408;3,71;4,26;-1,34;5,27;4,18;57,51;33,71;6,04;1,86;11,83;3,76;41334300,0;12103900000,0;0,21;8,47;SAPR11.SA
BRKM5;5,32;-0,77;-0,34;0,06;0,0;0,054;-0,49;3,66;-0,07;41,15;8,31;8,92;1,64;-9,4;0,77;1,85;44,02;40346400,0;-12586000000,0;-3,45;-8,7;BRKM5.SA
MOVI3;8,1;7,53;0,83;0,218;8,03;0,087;-0,99;0,83;-0,12;6,03;3,63;34,97;26,15;2,89;0,69;13,78;11,08;40034900,0;3901510000,0;5,21;18,11;MOVI3.SA
YDUQ3;10,09;24,36;0,95;0,498;5,64;0,299;3,62;2,94;-0,65;7,54;4,08;59,83;16,91;2,02;1,61;11,35;3,89;39573200,0;2916530000,0;1,48;5,6;YDUQ3.SA
BRAP4;22,38;15,05;1,09;0,0;10,53;1,086;41,89;-236,38;42,61;-229,54;-229,54;0,0;0,0;0,0;5,69;-0,47;7,26;39008000,0;8049610000,0;-0,03;0,0;BRAP4.SA
ECOR3;8,22;10,48;1,39;0,481;3,68;0,145;1,51;1,46;-0,2;7,51;5,31;36,37;32,97;4,36;2,53;11,52;13,28;38965900,0;4113690000,0;5,77;23,35;ECOR3.SA
GGPS3;13,18;10,83;2,21;0,552;2,22;0,622;1,67;7,32;-4,3;8,83;6,82;14,74;7,54;5,15;2,87;11,88;20,36;38864100,0;4496490000,0;0,45;23,96;GGPS3.SA
IRBR3;60,41;-33,61;0,93;1,108;2,61;0,327;0,0;40,51;0,0;0,0;0,0;1,14;2,74;-3,3;0,0;0,0;-2,76;37497500,0;5328370000,0;0,0;-34,48;IRBR3.SA
JHSF3;11,98;3,84;1,09;2,021;5,94;0,429;2,62;4,22;-2,15;5,24;5,07;63,24;47,88;51,79;1,73;13,12;28,4;36850700,0;7505840000,0;0,26;16,87;JHSF3.SA
EZTC3;13,14;6,86;0,7;2,535;7,62;0,486;1,59;12,55;2,96;12,55;11,63;41,28;20,2;38,23;3,06;5,14;10,15;35569200,0;5232250000,0;0,0;12,15;EZTC3.SA
AURE3;12,1;-11,67;1,1;0,944;0,0;0,272;16,06;11,5;-0,47;29,61;12,31;13,06;8,2;-7,64;1,12;2,64;-9,47;35331000,0;11507300000,0;1,74;35,91;AURE3.SA
SMTO3;21,0;8,6;0,95;0,983;1,03;0,292;1,2;5,99;-0,87;12,0;4,02;25,8;16,41;11,43;3,16;6,36;11,0;34857900,0;7375590000,0;0,95;4,67;SMTO3.SA
ONCO3;1,09;-0,29;75,18;0,248;0,0;0,187;-0,38;14,69;-0,32;58,29;12,97;27,31;1,69;-87,61;0,44;1,67;-25704,2;30837500,0;16457000,0;223,12;11,84;ONCO3.SA
ALUP11;33,99;8,08;1,16;2,236;3,18;0,316;1,86;3,69;-0,84;6,82;6,38;65,85;60,68;40,21;3,17;10,21;14,38;29937900,0;9640550000,0;0,99;4,28;ALUP11.SA
ANIM3;2,9;7,61;0,48;0,282;2,68;0,111;1,29;0,93;-0,24;4,27;3,22;63,39;30,31;6,87;1,49;14,6;6,36;28816300,0;2417360000,0;1,74;4,36;ANIM3.SA
PASS3;23,91;14,85;2,83;1,127;5,3;0,498;3,82;5,89;-0,94;10,47;7,17;26,66;19,13;8,95;2,23;10,24;19,06;28343100,0;6033420000,0;2,2;-1,87;PASS3.SA
MDNE3;26,18;4,87;1,19;1,045;14,82;0,398;1,37;4,48;-2,39;4,82;4,68;37,75;23,3;21,4;2,38;10,98;24,38;27467700,0;2296080000,0;0,09;40,13;MDNE3.SA
CBAV3;11,2;12,2;1,44;0,782;0,39;0,493;2,68;9,79;-1,74;13,69;6,53;13,67;7,99;7,72;2,06;6,25;11,81;26652700,0;5064330000,0;0,57;1,15;CBAV3.SA
ALPA4;13,25;12,91;2,5;1,875;13,55;1,44;6,25;9,93;24,6;10,53;8,25;52,96;18,88;14,52;1,91;17,96;19,37;25963500,0;3619460000,0;0,15;4,97;ALPA4.SA
TTEN3;11,79;10,04;1,18;0,323;1,54;0,408;2,56;15,11;-8,45;24,57;17,93;14,76;2,14;3,16;1,36;4,0;11,76;24506400,0;5000520000,0;0,74;32,47;TTEN3.SA
CVCB3;1,6;-6,37;2,6;0,57;0,0;0,228;-0,9;5,12;-0,62;6,38;2,67;97,58;11,14;-8,94;0,68;5,9;-40,86;23801200,0;322905000,0;0,64;7,9;CVCB3.SA
GMAT3;4,83;6,85;0,99;0,274;2,47;0,442;2,0;5,88;41,52;6,46;4,79;22,5;4,66;4,0;1,74;10,1;14,52;23270600,0;11184600000,0;0,1;20,98;GMAT3.SA
VULC3;13,25;4,53;1,59;1,128;22,54;1,02;2,43;6,49;3,7;7,38;6,1;40,95;17,39;24,89;2,96;17,83;35,06;23173200,0;2652030000,0;0,22;12,48;VULC3.SA
BRSR6;15,44;4,12;0,55;0,0;10,28;0,0;0,0;0,0;0,0;0,0;0,0;0,0;0,0;0,0;0,0;0,0;13,26;22204600,0;11551000000,0;0,0;8,5;BRSR6.SA
RECV3;11,71;6,88;0,78;1,152;14,56;0,381;2,4;4,74;-1,42;6,87;3,51;32,07;24,3;16,73;2,91;10,15;11,26;21583600,0;4433510000,0;0,35;10,38;RECV3.SA
INTB3;15,41;8,46;1,53;1,109;7,8;0,909;1,98;9,21;2,69;8,17;6,74;31,35;12,04;13,12;2,64;17,52;18,07;21095100,0;3302550000,0;-0,17;5,91;INTB3.SA
SIMH3;7,89;-25,26;0,78;0,103;2,17;0,05;0,66;0,59;-0,09;6,27;3,83;26,72;17,37;-0,18;1,28;11,25;-3,1;20381800,0;5887580000,0;7,48;24,35;SIMH3.SA
SBFG3;9,11;5,02;0,66;0,251;5,95;0,225;1,1;3,01;-1,78;6,99;4,12;48,82;8,33;5,01;1,62;8,98;13,07;19669200,0;3203540000,0;0,87;8,18;SBFG3.SA
PGMN3;3,83;8,44;0,81;0,177;6,16;0,282;1,12;2,94;-3,75;4,49;2,85;32,3;6,04;2,1;1,78;12,78;9,61;16467800,0;3417800000,0;0,43;17,6;PGMN3.SA
PLPL3;7,2;4,81;1,31;0,414;6,84;0,34;0,58;1,85;2,23;2,06;1,99;28,56;22,4;9,89;3,01;24,26;27,32;14168100,0;1117620000,0;0,15;28,65;PLPL3.SA
AUAU3;4,03;18,02;1,09;0,691;0,75;0,503;6,92;9,21;-2,64;8,45;3,82;46,49;7,5;3,84;1,26;7,01;6,04;14131200,0;3185940000,0;-0,09;0,0;AUAU3.SA
UNIP6;56,79;24,11;3,22;1,228;11,4;0,828;3,94;9,31;-2,19;12,69;8,73;26,81;13,18;4,98;2,39;11,66;13,34;13817300,0;1998820000,0;1,17;-8,38;UNIP6.SA
SEER3;14,1;6,68;1,19;0,791;6,26;0,54;4,45;3,48;-2,3;4,25;2,98;59,96;22,73;11,85;1,64;17,04;17,83;13687500,0;1523700000,0;0,26;10,07;SEER3.SA
LWSA3;4,05;-11,12;0,94;1,478;7,59;0,63;11,56;12,27;20,75;10,44;5,82;47,79;12,05;-13,29;1,18;5,89;-8,41;12767200,0;2382050000,0;-0,14;10,58;LWSA3.SA
PINE4;11,79;4,97;1,66;0,0;7,99;0,0;0,0;0,0;0,0;0,0;0,0;0,0;0,0;0,0;0,0;0,0;33,43;12722600,0;1802640000,0;0,0;55,71;PINE4.SA
PCAR3;2,9;-0,67;3,49;0,078;0,0;0,092;-0,35;0,86;-0,13;3,06;1,84;28,97;9,11;-11,6;0,52;12,94;-520,29;12299600,0;409000000,0;8,95;-7,66;PCAR3.SA
ABCB4;25,0;6,39;0,9;0,0;10,43;0,0;0,0;0,0;0,0;0,0;0,0;0,0;0,0;0,0;0,0;0,0;14,05;11749400,0;7258910000,0;0,0;7,57;ABCB4.SA
KLBN4;3,84;42,69;2,53;1,158;6,05;0,376;2,7;8,91;-0,8;18,11;6,43;28,0;13,01;2,59;2,0;5,45;5,92;11733200,0;9486820000,0;2,61;2,72;KLBN4.SA
GRND3;3,77;5,87;1,06;1,333;39,47;0,89;2,46;13,25;2,51;11,86;9,05;44,55;10,06;22,71;3,36;7,81;18,04;11678500,0;3211210000,0;-0,11;1,48;GRND3.SA
RIAA3;7,32;2,4;0,68;0,344;44,23;0,26;1,07;3,44;9,48;4,66;2,66;61,58;10,0;14,35;1,61;8,96;28,35;11470700,0;5403030000,0;0,24;7,28;RIAA3.SA
MDIA3;17,2;8,98;0,69;0,559;6,14;0,446;1,56;7,47;3,76;6,63;4,33;32,67;7,49;6,23;2,55;8,32;7,65;11451600,0;8486070000,0;-0,08;2,37;MDIA3.SA
LIGT3;3,75;2,5;0,65;0,386;0,0;0,199;6,8;4,01;-0,41;8,87;5,43;15,87;9,62;15,44;1,16;5,78;25,94;10878000,0;9309900000,0;0,78;2,19;LIGT3.SA
RAPT4;5,12;-5,17;0,59;0,137;0,0;0,096;0,32;1,43;-0,48;5,52;3,92;26,16;9,62;-1,03;2,12;9,51;-11,45;10763500,0;3022890000,0;1,7;6,24;RAPT4.SA
TUPY3;16,01;-2,74;0,93;0,226;0,0;0,226;0,66;23,96;-2,05;45,47;8,63;10,79;0,95;-8,26;2,16;1,49;-33,8;10699600,0;2287510000,0;0,83;0,64;TUPY3.SA
LOGG3;24,63;5,79;0,61;8,197;27,91;0,318;7,13;11,29;-1,26;20,16;19,57;96,48;72,6;145,0;1,25;3,04;10,63;10434900,0;3519570000,0;0,48;8,32;LOGG3.SA
CASH3;5,28;-5,46;1,28;1,109;0,0;1,031;4,05;-7,97;4,63;-6,34;-8,45;-13,91;-13,91;-20,42;2,68;-16,62;-23,45;9815210,0;429438000,0;-0,26;9,4;CASH3.SA
MILS3;15,87;8,28;1,97;1,948;5,34;0,881;4,09;5,31;-3,88;7,06;4,91;61,63;36,67;23,54;2,98;20,65;23,81;9765340,0;1885980000,0;0,65;19,88;MILS3.SA
BMOB3;26,21;14,05;2,38;1,193;7,5;1,112;3,79;12,8;5,64;11,16;7,88;26,63;9,32;9,14;1,69;11,27;16,97;9680000,0;940855000,0;-0,3;12,63;BMOB3.SA
DXCO3;5,62;-143,22;0,75;0,609;0,0;0,271;1,62;7,78;-0,98;14,66;4,96;25,73;7,83;0,62;1,98;4,35;-0,52;9581960,0;6923080000,0;0,66;-0,05;DXCO3.SA
TGMA3;34,7;9,02;2,3;0,914;10,46;1,499;5,32;6,76;9,2;6,84;6,23;18,75;13,51;10,14;2,22;27,01;25,55;9143440,0;994134000,0;0,03;22,74;TGMA3.SA
AZEV3;6,84;-1,15;1,84;1,383;0,0;0,497;-6,09;-4,01;-1,33;-4,96;35,49;18,48;-34,5;-120,71;0,81;-14,57;-160,34;9137320,0;413986000,0;0,43;8,16;AZEV3.SA
AZEV4;1,37;-0,23;0,37;0,277;0,0;0,1;-1,22;-0,8;-0,27;-1,75;12,53;18,48;-34,5;-120,71;0,81;-14,57;-160,34;9123500,0;413986000,0;0,43;8,16;AZEV4.SA
DESK3;19,17;39,9;1,56;1,755;0,97;0,568;10,03;5,82;-1,32;8,93;5,3;60,5;30,18;5,27;1,41;11,53;3,91;8875820,0;1430350000,0;0,83;22,33;DESK3.SA
POMO3;4,26;4,43;1,26;0,585;21,69;0,542;1,86;3,91;14,2;5,24;4,67;24,5;14,97;13,26;1,94;18,39;28,32;8681640,0;4240170000,0;0,43;22,36;POMO3.SA
PNVL3;13,14;14,35;1,5;0,335;2,5;0,533;2,11;7,38;-9,52;11,53;6,05;32,32;4,54;2,33;1,75;9,66;10,45;8637290,0;1317020000,0;0,84;12,73;PNVL3.SA
SAPR4;6,93;23,0;0,87;1,388;1,62;0,395;3,59;4,12;-1,29;5,14;4,07;57,51;33,71;6,04;1,86;11,83;3,76;8513810,0;12103900000,0;0,21;8,47;SAPR4.SA
CYRE4;24,67;5,48;1,0;1,133;0,0;0,403;1,0;6,81;17,53;9,73;8,76;33,08;16,65;17,02;3,37;7,03;18,26;8372400,0;11168000000,0;0,43;18,66;CYRE4.SA
LEVE3;33,07;6,43;4,65;0,836;8,62;1,161;6,24;4,79;-9,2;5,96;5,25;27,49;17,47;13,01;1,43;34,45;72,29;8181700,0;964164000,0;1,14;8,58;LEVE3.SA
VTRU3;15,0;2,06;0,56;0,957;0,17;0,339;3,3;2,58;-1,51;3,91;3,1;66,01;37,15;46,56;2,56;15,07;27,23;8167260,0;4014380000,0;0,29;9,03;VTRU3.SA
OPCT3;11,15;13,29;2,15;0,929;0,87;0,641;3,58;5,09;-1,7;8,79;4,77;29,57;18,27;6,99;2,22;14,93;16,21;8158890,0;1035340000,0;1,57;20,79;OPCT3.SA
PRNR3;18,19;23,65;2,17;0,604;0,0;0,545;2,6;6,5;-2,16;10,59;5,93;18,42;9,29;3,24;1,85;10,43;9,17;8083510,0;478172000,0;1,37;29,71;PRNR3.SA
TFCO4;13,05;13,6;3,26;1,781;2,44;2,021;4,27;8,67;6,45;9,19;8,39;57,16;20,55;12,92;3,17;27,1;23,99;8015550,0;612804000,0;0,2;21,46;TFCO4.SA
BHIA3;0,73;-0,06;-0,09;0,025;0,0;0,029;-0,09;0,32;-0,04;2,84;1,94;31,19;7,69;-44,42;0,64;14,81;159,69;7263420,0;-8270000000,0;-0,69;-1,35;BHIA3.SA
MYPK3;9,99;16,79;0,37;0,101;3,07;0,103;0,51;1,63;-0,49;5,67;3,59;11,88;6,21;1,53;1,73;8,93;2,23;7195320,0;4095740000,0;0,93;-1,11;MYPK3.SA
AMER3;5,27;-3,77;0,25;0,089;0,0;0,073;0,41;-1,63;-0,26;-4,26;41,69;25,59;-5,48;-2,37;1,7;-5,28;-6,74;7002380,0;4155000000,0;0,41;-18,82;AMER3.SA
FESA4;5,85;14,01;0,63;0,95;11,09;0,476;1,72;16,51;3,39;12,97;4,06;16,32;5,75;6,8;3,61;3,69;4,49;6948740,0;3287150000,0;-0,13;-7,87;FESA4.SA
KEPL3;6,67;8,58;1,5;0,833;4,32;0,809;2,44;9,07;4,26;8,98;6,84;23,05;9,18;9,71;2,04;12,97;17,52;6691850,0;797669000,0;-0,02;-1,75;KEPL3.SA
SANB4;14,81;7,17;1,12;0,0;8,16;0,0;0,0;0,0;0,0;0,0;0,0;0,0;0,0;0,0;0,0;0,0;15,69;6544730,0;98731800000,0;0,0;9,09;SANB4.SA
SANB3;14,93;7,23;1,13;0,0;7,36;0,0;0,0;0,0;0,0;0,0;0,0;0,0;0,0;0,0;0,0;0,0;15,69;6348360,0;98731800000,0;0,0;9,09;SANB3.SA
BMGB4;6,06;6,28;0,91;0,0;8,45;0,0;0,0;0,0;0,0;0,0;0,0;0,0;0,0;0,0;0,0;0,0;14,47;6145040,0;4319050000,0;0,0;7,48;BMGB4.SA
LAVV3;11,02;5,96;1,49;1,188;22,04;0,433;0,67;6,27;2,22;7,83;7,47;33,97;18,94;23,38;4,12;8,69;24,9;5750390,0;1450080000,0;0,37;39,66;LAVV3.SA
USIM3;7,08;-3,82;0,43;0,358;0,0;0,253;0,68;7,46;1,67;6,95;3,54;9,82;4,8;-8,27;4,44;4,67;-11,18;5492100,0;20751200000,0;-0,03;-6,96;USIM3.SA
SOJA3;7,73;47,28;0,82;0,418;3,67;0,274;0,66;7,4;-7,89;13,01;10,1;11,72;5,65;3,53;2,98;5,66;1,73;5176370,0;1340690000,0;0,62;17,87;SOJA3.SA
QUAL3;1,49;16,22;0,32;0,313;0,6;0,123;-0,76;0,71;-0,32;2,05;1,44;87,86;44,02;2,56;0,58;22,61;1,96;5097530,0;1334000000,0;0,6;-9,87;QUAL3.SA
OBTC3;7,33;-1,93;2,1;-2785,53;0,0;1,703;-13,25;-95,39;-13,22;-102,43;-101,91;-15,84;2920,26;144637,0;0,32;-1,9;-109,2;4991480,0;1019920000,0;0,16;0,0;OBTC3.SA
CAML3;5,35;16,98;0,63;0,169;5,48;0,156;0,59;3,75;-0,84;12,74;8,07;22,87;4,5;1,0;1,87;5,74;3,69;4953430,0;2988670000,0;1,5;5,4;CAML3.SA
FRAS3;23,53;22,52;2,62;1,214;2,62;0,94;3,28;8,56;-6,34;10,13;7,58;33,34;14,17;5,43;2,41;15,27;11,62;4797400,0;2520240000,0;0,48;18,27;FRAS3.SA
HBSA3;3,41;-25,93;2,22;2,065;0,0;0,784;4,88;8,33;-1,89;12,86;7,81;38,04;24,78;-7,96;3,26;11,14;-8,56;4743250,0;2090450000,0;1,2;9,3;HBSA3.SA
RANI3;7,85;13,98;1,26;1,07;5,12;0,46;2,57;5,21;-1,58;8,34;5,04;35,35;20,52;7,65;2,1;11,69;9,03;4686960,0;1433090000,0;0,76;0,31;RANI3.SA
FIQE3;5,1;9,1;1,67;1,561;12,34;0,643;4,36;5,88;-2,02;6,94;3,68;50,92;26,54;17,25;1,99;14,31;18,4;4638100,0;1215680000,0;0,3;21,55;FIQE3.SA
JSLG3;6,0;-16,39;1,45;0,175;31,98;0,142;1,4;1,73;-0,27;8,12;4,33;15,46;10,11;-1,07;1,37;9,68;-8,83;4564660,0;1182770000,0;5,37;17,46;JSLG3.SA
EVEN3;4,2;4,24;0,44;0,544;21,82;0,163;0,29;3,95;0,99;7,23;7,09;28,75;13,78;16,15;4,67;4,93;10,28;4510370,0;1926220000,0;0,36;-11,78;EVEN3.SA
BRBI11;14,5;9,54;1,88;4,554;9,52;0,082;2,63;312,68;2,63;48,27;14,78;100,0;1,46;47,73;1,03;1,85;19,7;4506710,0;809776000,0;-1,59;-30,74;BRBI11.SA
PMAM3;0,9;-0,22;-0,04;0,489;0,0;0,227;-0,04;-1,1;-0,03;-23,92;-33,75;-28,28;-44,48;-220,27;0,04;-43,08;16,84;4116640,0;-7811240000,0;-0,78;-36,31;PMAM3.SA
VLID3;17,86;6,31;0,83;0,704;10,68;0,48;1,85;4,06;11,92;4,47;3,28;35,19;17,33;11,53;2,3;15,68;13,18;4037090,0;1713420000,0;0,08;-0,48;VLID3.SA
RAIZ4;0,28;-0,11;-0,26;0,013;0,0;0,03;-0,05;0,76;-0,04;16,45;4,73;5,57;1,72;-12,07;0,36;4,91;241,22;3783940,0;-11162300000,0;-5,39;0,94;RAIZ4.SA
MLAS3;1,86;5,03;0,47;0,376;2,71;0,284;0,74;9,54;0,9;7,0;5,21;28,37;3,94;7,46;2,15;4,77;9,38;3497310,0;3231060000,0;-0,13;-2,81;MLAS3.SA
RCSL4;0,4;-3,39;-3,41;219,464;0,0;1,504;26,97;-59,27;-1,34;-59,27;-59,27;-27,59;-370,26;-6462,93;1,21;-2,72;100,56;3495380,0;-14917000,0;0,0;-75,18;RCSL4.SA
ARML3;3,85;21,52;0,97;0,669;12,13;0,224;1,45;3,02;-0,55;8,43;4,94;31,83;22,2;4,46;1,89;9,85;4,51;3396360,0;1374540000,0;1,74;30,02;ARML3.SA
TAEE4;13,87;8,82;1,78;3,197;7,23;0,631;6,73;5,88;-1,23;10,15;9,81;60,76;54,38;36,25;3,48;11,11;20,14;2955590,0;8070920000,0;1,29;13,01;TAEE4.SA
DASA3;2,77;-3,87;0,51;0,373;0,0;0,203;3,77;3,14;-0,59;7,83;4,19;31,02;11,89;-9,46;1,27;7,28;-13,13;2883530,0;6840370000,0;0,76;-4,66;DASA3.SA
JALL3;2,63;-15,77;0,41;0,402;3,05;0,111;0,36;-4,98;-0,32;-23,97;4,29;7,37;-8,08;-2,55;5,38;-2,95;-2,61;2501380,0;1936160000,0;1,57;9,4;JALL3.SA
BLAU3;10,02;9,99;1,0;1,308;7,42;0,58;1,57;6,62;5,28;6,53;5,39;41,34;19,76;13,14;3,23;12,24;10,02;2496230,0;2333950000,0;-0,01;8,67;BLAU3.SA
POSI3;3,51;39,93;0,32;0,143;5,12;0,115;0,41;2,21;-9,36;5,26;3,8;24,99;6,48;0,37;1,82;6,93;0,8;2465610,0;1560820000,0;0,44;-6,21;POSI3.SA
LJQQ3;1,33;-1,31;0,89;0,084;0,0;0,07;0,22;4,62;-0,39;3,79;1,08;31,73;1,82;-6,4;1,77;2,03;-67,62;2461430,0;292374000,0;-0,16;8,03;LJQQ3.SA
AGRO3;19,28;-21,99;0,98;2,141;3,91;0,534;5,16;-44,81;-3,35;-73,03;91,27;10,42;-4,78;-9,73;1,54;-1,3;-4,44;2441670,0;2025310000,0;0,62;-14,34;AGRO3.SA
MTRE3;3,5;5,64;0,36;0,332;11,34;0,154;0,3;3,28;0,6;7,77;6,55;27,86;10,13;8,88;2,74;5,3;6,4;2421270,0;1025180000,0;0,5;15,4;MTRE3.SA
WIZC3;8,06;6,5;1,74;1,011;7,8;0,535;21,72;2,08;-2,97;2,05;1,75;60,14;48,61;27,19;1,1;32,81;26,78;2366410,0;740937000,0;-0,02;12,26;WIZC3.SA
KLBN3;4,13;45,91;2,72;1,246;5,62;0,405;2,9;9,58;-0,86;18,78;6,67;28,0;13,01;2,59;2,0;5,45;5,92;2355530,0;9486820000,0;2,61;2,72;KLBN3.SA
AZUL3;18,05;4,1;-1,29;0,306;0,0;0,216;-0,77;2,2;-0,22;8,87;4,57;20,74;13,89;7,46;0,42;11,24;-31,48;2300480,0;-5154860000,0;-3,91;11,89;AZUL3.SA
SHUL4;4,5;6,19;1,03;0,861;14,09;0,518;1,35;27,59;3,2;24,48;8,71;21,2;3,12;13,9;2,4;3,18;16,58;2294780,0;1566070000,0;-0,12;-0,42;SHUL4.SA
AZTE3;1,65;-6,08;0,23;17,984;0,0;0,215;-7,68;-8,61;-4,97;-9,22;58,12;60,17;-208,91;-295,64;0,46;-2,56;-3,8;2191880,0;285937000,0;0,02;7,5;AZTE3.SA
ALLD3;5,1;1,35;0,31;0,088;44,91;0,138;0,47;2,9;0,75;3,12;2,48;11,99;3,05;6,56;1,66;9,32;23,06;2104090,0;1574190000,0;0,02;-0,69;ALLD3.SA
BMEB4;60,33;9,12;2,39;0,0;5,34;0,0;0,0;0,0;0,0;0,0;0,0;0,0;0,0;0,0;0,0;0,0;26,21;1994030,0;3122950000,0;0,0;22,44;BMEB4.SA
CMIG3;17,37;10,82;1,7;1,136;6,08;0,702;22,02;8,27;-1,92;11,48;9,05;15,8;13,74;10,51;1,17;9,3;15,75;1778520,0;29181600000,0;0,66;6,06;CMIG3.SA
ITSA3;14,24;8,79;1,7;18,842;7,92;1,333;21,22;371,36;-26,03;380,86;94,28;25,72;5,07;215,08;2,0;0,38;19,36;1625880,0;93790000000,0;0,04;-0,05;ITSA3.SA
EUCA4;21,12;4,88;0,65;0,618;5,33;0,378;1,78;3,71;-12,02;4,62;2,94;36,28;16,64;12,67;2,22;11,91;13,28;1596280,0;3020340000,0;0,16;5,85;EUCA4.SA
TASA4;5,85;30,55;0,63;0,571;0,05;0,336;1,44;-17,68;3,81;-26,93;72,49;32,24;-3,23;1,87;1,72;-2,33;2,08;1586630,0;1284530000,0;0,33;-15,61;TASA4.SA
TAEE3;13,54;8,61;1,73;3,121;7,4;0,616;6,57;5,74;-1,2;10,01;9,67;60,76;54,38;36,25;3,48;11,11;20,14;1549190,0;8070920000,0;1,29;13,01;TAEE3.SA
GFSA3;0,2;-0,05;0,02;0,064;0,0;0,007;0,05;-0,11;-0,05;-5,35;-5,67;-37,28;-56,05;-124,06;1,31;-6,27;-39,87;1484620,0;1533210000,0;0,94;-12,18;GFSA3.SA
TRIS3;5,01;6,18;0,77;0,766;17,76;0,371;0,62;6,28;1,25;8,65;7,34;27,54;12,2;12,67;3,79;6,96;12,42;1413560,0;1524240000,0;0,29;20,03;TRIS3.SA
HBOR3;2,15;63,15;0,2;0,261;6,2;0,043;0,13;2,09;-1,05;14,93;13,49;29,9;12,51;5,95;2,55;2,16;0,31;1398390,0;1448250000,0;1,22;6,37;HBOR3.SA
HBRE3;2,68;7,58;0,16;0,497;43,49;0,057;-3,16;0,76;-0,15;4,99;4,9;39,75;65,76;19,8;0,81;7,79;2,05;1386100,0;1783260000,0;0,87;39,75;HBRE3.SA
CSED3;5,48;6,45;1,19;0,683;8,86;0,415;5,0;3,55;-1,04;4,42;2,96;51,28;19,25;10,59;1,49;14,88;18,5;1321310,0;1675800000,0;0,29;11,07;CSED3.SA
SYNE3;3,77;10,57;0,82;1,724;68,47;0,254;6,45;4,42;-1,14;6,22;4,77;55,17;38,97;21,48;1,45;6,47;7,8;1298320,0;698176000,0;0,33;-34,03;SYNE3.SA
MELK3;3,01;5,24;0,57;0,542;13,84;0,215;0,53;4,64;1,74;8,43;8,08;24,18;11,68;14,41;2,39;5,41;10,91;1287370,0;1086360000,0;0,47;5,52;MELK3.SA
PFRM3;7,87;6,31;0,68;0,078;8,19;0,122;0,63;2,33;-1,67;4,38;2,9;15,14;3,34;1,29;1,37;8,99;10,71;985931,0;1442850000,0;0,59;15,43;PFRM3.SA
SAPR3;7,77;25,79;0,97;1,557;1,32;0,443;4,02;4,62;-1,45;5,64;4,46;57,51;33,71;6,04;1,86;11,83;3,76;923512,0;12103900000,0;0,21;8,47;SAPR3.SA
ROMI3;5,98;7,43;0,45;0,431;7,02;0,208;0,63;9,17;2,85;18,74;8,49;27,17;4,7;5,88;2,19;2,77;6,01;870452,0;1249000000,0;0,47;-3,85;ROMI3.SA
LAND3;10,0;-67,46;1,47;10,605;0,0;1,026;-1343,95;16,78;-5,85;16,61;15,72;95,4;63,19;-15,72;0,99;6,8;-2,18;860009,0;653550000,0;-0,02;-5,0;LAND3.SA
DOTZ3;10,3;4,78;-0,63;0,372;0,0;0,314;2,85;1,32;-0,41;1,93;1,53;63,62;28,08;7,77;1,18;28,54;-13,2;854670,0;-217317000,0;-0,29;26,94;DOTZ3.SA
MATD3;5,03;11,83;1,12;0,724;2,99;0,383;1,65;4,04;-1,28;5,82;4,56;30,34;17,89;6,13;2,87;11,52;9,5;831308,0;1492820000,0;0,49;12,38;MATD3.SA
VVEO3;0,78;4,43;0,14;0,022;0,0;0,029;0,13;0,59;-0,1;7,45;4,08;15,31;3,63;0,49;1,72;6,53;3,12;825206,0;1822550000,0;1,6;12,23;VVEO3.SA
ENJU3;0,77;-2,76;0,76;0,612;26,19;0,38;1,07;-4,87;1,16;1,33;-9,07;53,89;-12,56;-22,15;1,75;-18,22;-27,47;778624,0;208053000,0;-0,97;22,95;ENJU3.SA
PTBL3;1,64;-0,73;-2,22;0,09;0,0;0,066;-0,96;2,81;-0,1;17,51;4,88;35,0;3,19;-12,37;0,83;3,02;306,59;750224,0;-103947000,0;-11,64;5,81;PTBL3.SA
VITT3;3,23;7,58;0,84;0,621;4,18;0,554;1,74;9,4;2,24;11,6;7,95;29,34;6,61;8,16;2,17;6,86;11,1;728304,0;604492000,0;0,2;-0,62;VITT3.SA
CLSC4;159,94;7,05;1,46;0,493;8,29;0,412;5,96;5,25;-1,04;9,65;7,18;16,17;9,39;6,99;1,27;8,73;20,7;691042,0;4228180000,0;1,22;2,82;CLSC4.SA
GGBR3;22,1;19,54;0,82;0,629;3,61;0,533;2,28;6,2;36,41;7,35;4,82;13,1;10,14;3,27;2,87;10,03;4,18;675353,0;53544600000,0;0,15;-5,14;GGBR3.SA
TECN3;10,03;4,95;1,2;1,232;4,23;0,865;1,76;6,22;2,28;6,36;7,15;55,1;19,8;24,88;3,93;15,64;24,27;640650,0;502364000,0;0,03;9,5;TECN3.SA
CSUD3;14,05;5,98;1,2;0,888;16,75;0,713;13,42;5,7;-8,6;6,36;3,88;42,08;15,58;14,84;1,2;14,77;19,98;618071,0;491118000,0;0,14;5,87;CSUD3.SA
BRST3;2,86;21,06;0,79;0,694;1,44;0,264;3,23;4,5;-0,62;10,57;3,71;43,22;15,42;3,29;1,51;7,27;3,77;601418,0;1578860000,0;1,07;16,56;BRST3.SA
AMBP3;0,14;-0,91;0,21;0,032;0,0;0,014;0,05;0,21;-0,03;5,85;3,31;18,22;15,56;-2,56;2,72;9,57;-23,47;597840,0;1093330000,0;5,81;56,82;AMBP3.SA
BRAP3;19,21;12,92;0,94;0,0;11,15;0,933;35,95;-202,9;36,58;-196,06;-196,06;0,0;0,0;0,0;5,69;-0,47;7,26;577855,0;8049610000,0;-0,03;0,0;BRAP3.SA
ALPK3;4,4;57,76;2,63;0,481;0,17;0,381;-5,85;3,64;-0,57;8,24;4,1;30,06;13,24;1,2;0,73;12,01;4,55;566705,0;367393000,0;3,32;18,49;ALPK3.SA
RAPT3;8,76;-8,85;1,01;0,235;0,0;0,164;0,56;2,44;-0,83;6,53;4,64;26,16;9,62;-1,03;2,12;9,51;-11,45;533355,0;3022890000,0;1,7;6,24;RAPT3.SA
ESPA3;7,2;33,78;0,3;0,237;5,31;0,119;0,74;1,63;-0,77;5,68;3,4;33,83;14,52;0,45;1,55;7,97;0,89;528335,0;865239000,0;0,75;9,92;ESPA3.SA
DEXP3;7,42;6,27;0,84;0,512;6,69;0,542;1,15;8,39;1,81;7,67;5,8;17,29;6,1;8,16;3,63;8,81;13,35;497524,0;1089820000,0;-0,07;-2,29;DEXP3.SA
GOAU3;10,28;17,11;0,71;0,196;3,73;0,166;0,71;1,93;10,77;3,08;2,02;13,1;10,12;3,27;2,88;10,0;4,13;458418,0;19234800000,0;0,42;-5,14;GOAU3.SA
BPAC3;23,8;15,26;3,49;0,0;1,98;0,0;0,0;0,0;0,0;0,0;0,0;0,0;0,0;0,0;0,0;0,0;22,88;341790,0;79553500000,0;0,0;11,85;BPAC3.SA
LOGN3;28,0;21,9;2,49;0,964;0,0;0,785;8,14;15,27;-2,18;22,02;8,8;12,94;6,32;4,41;1,42;5,71;11,37;323395,0;1206610000,0;1,1;15,58;LOGN3.SA
BMEB3;51,95;7,85;2,06;0,0;5,64;0,0;0,0;0,0;0,0;0,0;0,0;0,0;0,0;0,0;0,0;0,0;26,21;308323,0;3122950000,0;0,0;22,44;BMEB3.SA
COCE5;31,38;6,41;0,48;0,28;4,73;0,155;-1,03;1,6;-0,32;5,58;4,17;20,47;17,46;4,36;0,56;11,01;7,54;303361,0;5601290000,0;1,2;1,68;COCE5.SA
BRKM3;4,3;-0,62;-0,27;0,049;0,0;0,043;-0,39;2,96;-0,05;40,45;8,17;8,92;1,64;-9,4;0,77;1,85;44,02;302443,0;-12586000000,0;-3,45;-8,7;BRKM3.SA
BAZA3;67,42;4,28;0,52;0,0;17,72;0,0;0,0;0,0;0,0;0,0;0,0;0,0;0,0;0,0;0,0;0,0;12,14;290745,0;7274070000,0;0,0;-33,64;BAZA3.SA
UNIP3;56,02;23,78;3,17;1,211;10,51;0,817;3,89;9,19;-2,16;12,57;8,64;26,81;13,18;4,98;2,39;11,66;13,34;289744,0;1998820000,0;1,17;-8,38;UNIP3.SA
OFSA3;27,44;6,27;1,79;1,084;4,7;0,917;1,85;5,2;4,64;5,68;4,99;52,02;20,84;17,29;3,61;25,89;28,55;284142,0;826937000,0;0,17;8,47;OFSA3.SA
TPIS3;10,66;-1,21;0,93;0,519;5,15;0,218;-0,63;-1,51;-0,32;-5,33;-16,04;26,5;-34,25;-44,63;0,22;-15,36;-77,17;281986,0;501764000,0;2,36;-0,53;TPIS3.SA
AMOB3;12,01;-1,22;0,24;0,034;0,0;0,053;0,49;2,05;-0,23;14,21;7,14;14,52;1,66;-2,79;1,25;3,69;-20,02;260308,0;1867200000,0;1,45;-20,36;AMOB3.SA
CEBR5;23,67;10,67;1,8;3,738;13,84;1,261;3,4;13,36;4,16;11,11;10,45;47,05;27,97;44,0;7,99;12,11;16,82;259390,0;950416000,0;-0,3;6,63;CEBR5.SA
DMVF3;6,5;15,13;0,36;0,12;0,0;0,162;35,24;4,35;-0,73;4,78;1,66;29,63;2,75;0,79;1,01;4,77;2,35;249354,0;924038000,0;0,04;20,65;DMVF3.SA
AMAR3;0,89;-2,0;7,5;0,312;0,0;0,219;-1,77;2,66;-0,33;7,48;3,94;52,53;11,74;-15,62;0,71;10,6;-375,31;247224,0;60921000,0;13,58;-16,75;AMAR3.SA
CEBR3;23,85;10,75;1,81;3,766;13,73;1,271;3,42;13,47;4,19;11,21;10,54;47,05;27,97;44,0;7,99;12,11;16,82;236588,0;950416000,0;-0,3;6,63;CEBR3.SA
ETER3;3,72;7,53;0,27;0,201;4,59;0,161;1,32;29,4;-9,55;50,02;6,91;18,43;0,68;2,67;1,45;0,6;3,61;236563,0;844344000,0;0,19;0,36;ETER3.SA
RSUL4;37,67;3,74;0,76;0,545;6,66;0,47;1,23;2,52;2,44;2,08;1,93;41,42;21,6;14,58;2,97;24,52;20,33;236300,0;300899000,0;-0,13;3,73;RSUL4.SA
BIOM3;6,58;22,72;2,77;2,342;0,0;1,464;6,93;16,57;11,62;18,09;18,37;37,62;14,14;10,31;1,55;11,76;12,19;230151,0;325198000,0;0,25;30,74;BIOM3.SA
SHOW3;6,24;-0,73;0,47;0,262;0,0;0,149;1,5;-8,5;-0,63;-5,7;14,02;27,63;-3,09;-38,03;1,29;-2,63;-64,13;225410,0;89914000,0;-0,15;-17,25;SHOW3.SA
BPAC5;20,01;12,83;2,94;0,0;2,35;0,0;0,0;0,0;0,0;0,0;0,0;0,0;0,0;0,0;0,0;0,0;22,88;197894,0;79553500000,0;0,0;11,85;BPAC5.SA
LPSB3;1,3;6,56;0,79;0,925;17,09;0,497;5,29;4,98;-3,63;3,51;2,31;74,68;18,55;19,55;1,57;11,88;12,08;195926,0;241922000,0;-0,23;0,99;LPSB3.SA
SCAR3;12,93;-45,04;0,77;2,972;54,92;0,23;1,66;30,77;-0,52;32,61;8,81;50,12;9,66;-2,43;2,13;0,97;-1,7;194477,0;972626000,0;0,05;-8,65;SCAR3.SA
IGTI3;3,27;10,64;1,38;4,447;1,28;0,675;3,73;7,23;-3,01;9,51;8,25;73,82;61,49;41,81;2,73;12,16;12,93;181445,0;4937140000,0;0,43;11,17;IGTI3.SA
IFCM3;1,68;-0,15;0,35;0,073;0,0;0,038;0,19;-0,37;-0,1;-3,56;-8,66;18,54;-19,95;-50,54;1,69;-13,84;-237,77;181441,0;134114000,0;3,0;-2,08;IFCM3.SA
MEAL3;0,81;-1,41;0,31;0,151;0,0;0,116;-1,28;-14,82;-0,26;-27,14;2,85;33,39;-1,02;-10,7;0,67;-0,95;-21,9;168589,0;752159000,0;0,26;-7,49;MEAL3.SA
VSTE3;2,45;5,91;0,26;0,216;2,07;0,164;1,6;2,3;-3,61;4,42;1,8;64,93;9,38;3,65;1,48;7,94;4,36;160254,0;1089030000,0;0,24;5,5;VSTE3.SA
AALR3;3,4;-0,38;-1,87;0,449;0,0;0,291;-0,4;-9,78;-0,34;-16,42;14,57;20,76;-4,59;-118,89;0,28;-3,72;494,46;157173,0;-277542000,0;-1,27;1,46;AALR3.SA
CAMB3;8,54;5,91;1,14;0,953;12,17;0,928;2,54;6,81;2,85;5,81;4,67;49,47;14,0;16,11;3,53;16,78;19,24;145494,0;317252000,0;-0,17;0,41;CAMB3.SA
ALUP4;11,05;7,88;1,13;2,181;3,26;0,308;1,81;3,59;-0,82;6,73;6,3;65,85;60,68;40,21;3,17;10,21;14,38;127440,0;9640550000,0;0,99;4,28;ALUP4.SA
PDTC3;1,66;11,84;0,94;-10,461;0,0;0,207;0,56;15,97;-0,92;42,52;68,97;1,03;-65,51;-88,37;3,01;1,56;7,92;117137,0;140739000,0;1,56;-4,33;PDTC3.SA
CGRA4;22,95;8,04;0,63;0,793;23,15;0,459;1,66;6,83;2,89;4,84;3,88;54,1;11,61;9,86;2,83;8,41;7,81;114995,0;929827000,0;-0,18;2,75;CGRA4.SA
TOKY3;10,1;-0,11;0,15;0,022;0,0;0,016;-0,07;-0,79;-0,02;-15,75;3,5;51,42;-2,78;-25,81;0,58;-2,47;-142,15;109793,0;182554000,0;2,85;21,31;TOKY3.SA
PINE3;10,93;4,6;1,54;0,0;0,0;0,0;0,0;0,0;0,0;0,0;0,0;0,0;0,0;0,0;0,0;0,0;33,43;107304,0;1802640000,0;0,0;55,71;PINE3.SA
ALPA3;9,94;9,69;1,88;1,407;17,56;1,08;4,69;7,45;18,46;8,05;6,31;52,96;18,88;14,52;1,91;17,96;19,37;104712,0;3619460000,0;0,15;4,97;ALPA3.SA
ISAE3;33,66;8,4;1,07;2,218;5,15;0,474;4,08;5,12;-1,17;8,58;8,51;45,82;43,28;26,95;5,28;9,63;12,71;102333,0;22159400000,0;0,72;16,96;ISAE3.SA
